{
	"GET": {
		"/index.html": {
			"headers": {
				"Location": "/html/list.html"
			},
			"statusCode": 302,
			"content": ""
		},
		"/$": {
			"headers": {
				"Location": "/html/list.html"
			},
			"statusCode": 302,
			"content": ""
		},
		"/goapi/getAssetTags": {
			"headers": {
				"Content-Type": "application/json"
			},
			"content": "111"
		},
		"/crossdomain.xml": {
			"headers": {
				"Content-Type": "text/x-cross-domain-policy"
			},
			"content": "<cross-domain-policy><allow-access-from domain=\"*\"/></cross-domain-policy>"
		},
		"/cc.swf": {},
		"/go_full.swf": {},
		"/favicon.ico": {},
		"/char-default\\.png": {
			"headers": {
				"Content-Type": "image/png"
			},
			"content": ""
		},
		"/html/([^?]+html).*": {
			"contentReplace": true,
			"regexLink": "/html/$1",
			"headers": {
				"Content-Type": "text/html; charset=UTF-8"
			}
		},
		"/html/([^?]+).*": {
			"regexLink": "/html/$1",
			"headers": {
				"Content-Type": "text/html; charset=UTF-8"
			}
		}
	},
	"POST": {
		"/goapi/getUserWatermarks/": {
			"headers": {
				"Content-Type": "text/html; charset=UTF-8"
			},
			"content": "<?xml encoding=\"UTF-8\"?><watermarks><current/><preview/></watermarks>"
		},
		"/goapi/getUserFontList/": {
			"headers": {
				"Content-Type": "application/json"
			},
			"content": "{\"status\":\"\"}"
		},
		"/goapi/getMovieInfo/": {
			"headers": {
				"Content-Type": "text/html; charset=UTF-8"
			},
			"content": "<?xml encoding=\"UTF-8\"?><watermarks><watermark style=\"g4s\"/></watermarks>"
		},
		"/api_v2/asset/get": {
			"headers": {
				"Content-Type": "text/html; charset=UTF-8"
			},
			"content": "1"
		},
		"/goapi/rebuildTTS/": {
			"headers": {
				"Content-Type": "text/html; charset=UTF-8"
			},
			"content": "1"
		},
		"/goapi/getWaveform/": {
			"headers": {
				"Content-Type": "text/html; charset=UTF-8"
			},
			"content": "1"
		},
		"/goapi/saveWaveform/": {
			"headers": {
				"Content-Type": "text/html; charset=UTF-8"
			},
			"content": "1"
		}
	},
	"pages": {
		"/go_full": "<iframe style='display:none'name='dummy'></iframe><form style='display:none'id='uploadbanner'enctype='multipart/form-data'method='post'action='/upload_asset'target='dummy'><input type='text'name='params'/><input id='fileupload'name='import'type='file'onchange='importComplete(this)'accept='.mp3,.wav,.png,.jpg'/><input type='submit'value='submit'id='submit'/></form><script>interactiveTutorial={neverDisplay:function(){return true}};function studioLoaded(arg){console.log(arg)}function initPreviewPlayer(xml){confirm('Before proceeding, please make sure all your changes have been saved.')&&window.open('player?movieId='+flashvars.presaveId,'MsgWindow','width=1280,height=723,left='+(screen.width/2-640)+',top='+(screen.height/2-360))};function exitStudio(){window.location='/html/list.html'}const fu=document.getElementById('fileupload'),sub=document.getElementById('submit');function showImporter(){fu.click()};function importComplete(obj){const file=obj.files[0];if(file!=undefined){const ext=file.name.substring(file.name.lastIndexOf('.')+1);var params=flashvars.presaveId+'.';if(ext=='mp3'||ext=='wav'){var c;while(c!='vo'&&c!='se'&&c!='mu'){c=prompt('Would you like to upload this as a voiceover (\"vo\"), sound effect (\"se\"), or as music (\"mu\")?').toLowerCase()}params+=c}else if(ext=='jpg'||ext=='png'){var c;while(c!='bg'&&c!='prop'){c=prompt('Would you like to upload this as a background (\"bg\") or as a prop (\"prop\")?').toLowerCase()}params+=c}obj.parentElement.firstChild.value=params+'.'+ext;sub.click();return true}}</script>",
		"/cc": "<script>function characterSaved(){window.location.reload()}</script>"
	}
}
